<?xml version="1.0" encoding="iso-8859-1"?>
<mosinstall version="1.0.0" type="mambot" group="system">
	<name>System - IE8 Compatibility</name>
	<author>Jeremy.J</author>
	<creationDate>March 2010</creationDate>
	<copyright>Copyright (C) 2010 Jeremy.J</copyright>
	<license>http://www.gnu.org/licenses/gpl-2.0.html GNU/GPL</license>
	<authorEmail>joly.jeremy@gmail.com</authorEmail>
	<authorUrl>http://www.jjsworld.fr</authorUrl>
	<version>1.2</version>
	<description>For more informations about Internet Explorer compatibility modes, please visit http://msdn.microsoft.com/en-us/library/cc288325(VS.85).aspx.</description>
	<files>
		<filename mambot="ie8_compatibility">ie8_compatibility.php</filename>
	</files>
	<params>
	    
		<param name="method" type="radio" default="meta" label="Integration method" >
			<option value="meta">Meta tag</option>
			<option value="header">HTTP header</option>
	    </param>
	    
		<param name="compatibility_mode" type="list" default="EmulateIE7" label="Internet Explorer compatibility mode" description="">
			<option value="9">IE 9</option>
			<option value="EmulateIE8">Emulate IE8</option>
			<option value="8">IE 8</option>
			<option value="EmulateIE7">Emulate IE7</option>
			<option value="7">IE 7</option>
			<option value="5">IE 5</option>
			<option value="5">edge</option>	
		</param>
	</params>
</mosinstall>